{
  "sm_80": {
    "baseline_kernel_overhead_ns": 10854.39957678318,
    "Mem_LD_coal_ns": 97.80223846435547,
    "Mem_LD_uncoal_ns": 101.70777702331543,
    "Mem_LD_partial_ns": 98.91532802581787,
    "partial_coalesce_slope": 0.003101917915046215,
    "partial_coalesce_intercept": 98.1552505493164,
    "Mem_LD_shared_ns": 6.216908740997314,
    "Mem_LD_local_ns": 6.99566068649292,
    "issue_cycles": 2.4458217018127444,
    "Departure_del_coal_s": 6.112639904022217e-09,
    "Departure_del_uncoal_s": 1.271347212791443e-08,
    "effective_mem_bw_gbps": 715.2493195488448,
    "idle_power": 90.23731,
    "max_power_mem": 0.0,
    "max_power_fp": 0.0,
    "max_power_int": 0.0,
    "max_power_sfu": 0.0,
    "max_power_alu": 0.0,
    "max_power_fds": 0.0,
    "max_power_reg": 0.0,
    "max_power_shm": 0.0,
    "const_sm_power": 0.25,
    "power_alpha": 0,
    "power_beta": 0,
    "short_kernel_scale": 0.8333333333333334,
    "max_power_total": 200.0,
    "shape_occupancy_factor": 0.1
  }
}
