{
  "sm_75": {
    "baseline_kernel_overhead_ns": 19465.600047260523,
    "Mem_LD_coal_ns": 117.48995018005371,
    "Mem_LD_uncoal_ns": 114.48982429504395,
    "Mem_LD_partial_ns": 114.61942291259766,
    "partial_coalesce_slope": -0.0004999347147531807,
    "partial_coalesce_intercept": 114.53839874267578,
    "Mem_LD_shared_ns": 50.37904281616211,
    "Mem_LD_local_ns": 46.54631729125977,
    "issue_cycles": 3.0367006708145143,
    "Departure_del_coal_s": 7.3431218862533575e-09,
    "Departure_del_uncoal_s": 1.4311228036880494e-08,
    "effective_mem_bw_gbps": 65.04629784737804,
    "idle_power": 50.0,
    "max_power_mem": 0.0,
    "max_power_fp": 0.0,
    "max_power_int": 0.0,
    "max_power_sfu": 0.0,
    "max_power_alu": 0.0,
    "max_power_fds": 0.0,
    "max_power_reg": 0.0,
    "max_power_shm": 0.0,
    "const_sm_power": 0.25,
    "power_alpha": 0,
    "power_beta": 0,
    "short_kernel_scale": 1.0,
    "max_power_total": 200.0,
    "shape_occupancy_factor": 0.2
  }
}